Disease,Count of Disease Occurrence,Symptom
hypertensive_disease,3363.0,pain_chest
hypertensive_disease,,shortness_of_breath
hypertensive_disease,,dizziness
hypertensive_disease,,asthenia
hypertensive_disease,,fall
hypertensive_disease,,syncope
hypertensive_disease,,vertigo
hypertensive_disease,,sweatsweating_increased
hypertensive_disease,,palpitation
hypertensive_disease,,nausea
hypertensive_disease,,angina_pectoris
hypertensive_disease,,pressure_chest
diabetes,1421.0,polyuria
diabetes,,polydypsia
diabetes,,shortness_of_breath
diabetes,,pain_chest
diabetes,,asthenia
diabetes,,nausea
diabetes,,orthopnea
diabetes,,rale
diabetes,,sweatsweating_increased
diabetes,,unresponsiveness
diabetes,,mental_status_changes
diabetes,,vertigo
diabetes,,vomiting
diabetes,,labored_breathing
depression_mentaldepressive_disorder,1337.0,feeling_suicidal
depression_mentaldepressive_disorder,,suicidal
depression_mentaldepressive_disorder,,hallucinations_auditory
depression_mentaldepressive_disorder,,feeling_hopeless
depression_mentaldepressive_disorder,,weepiness
depression_mentaldepressive_disorder,,sleeplessness
depression_mentaldepressive_disorder,,motor_retardation
depression_mentaldepressive_disorder,,irritable_mood
depression_mentaldepressive_disorder,,blackout
depression_mentaldepressive_disorder,,mood_depressed
depression_mentaldepressive_disorder,,hallucinations_visual
depression_mentaldepressive_disorder,,worry
depression_mentaldepressive_disorder,,agitation
depression_mentaldepressive_disorder,,tremor
depression_mentaldepressive_disorder,,intoxication
depression_mentaldepressive_disorder,,verbal_auditory_hallucinations
depression_mentaldepressive_disorder,,energy_increased
depression_mentaldepressive_disorder,,difficulty
depression_mentaldepressive_disorder,,nightmare
depression_mentaldepressive_disorder,,unable_to_concentrate
depression_mentaldepressive_disorder,,homelessness
coronary_arteriosclerosiscoronary_heart_disease,1284.0,pain_chest
coronary_arteriosclerosiscoronary_heart_disease,,angina_pectoris
coronary_arteriosclerosiscoronary_heart_disease,,shortness_of_breath
coronary_arteriosclerosiscoronary_heart_disease,,hypokinesia
coronary_arteriosclerosiscoronary_heart_disease,,sweatsweating_increased
coronary_arteriosclerosiscoronary_heart_disease,,pressure_chest
coronary_arteriosclerosiscoronary_heart_disease,,dyspnea_on_exertion
coronary_arteriosclerosiscoronary_heart_disease,,orthopnea
coronary_arteriosclerosiscoronary_heart_disease,,chest_tightness
pneumonia,1029.0,cough
pneumonia,,fever
pneumonia,,decreased_translucency
pneumonia,,shortness_of_breath
pneumonia,,rale
pneumonia,,productive_cough
pneumonia,,pleuritic_pain
pneumonia,,yellow_sputum
pneumonia,,breath_sounds_decreased
pneumonia,,chill
pneumonia,,rhonchus
pneumonia,,green_sputum
pneumonia,,nonproductive_cough
pneumonia,,wheezing
pneumonia,,haemoptysis
pneumonia,,distress_respiratory
pneumonia,,tachypnea
pneumonia,,malaise
pneumonia,,night_sweat
failure_heart_congestive,963.0,shortness_of_breath
failure_heart_congestive,,orthopnea
failure_heart_congestive,,jugular_venous_distention
failure_heart_congestive,,rale
failure_heart_congestive,,dyspnea
failure_heart_congestive,,cough
failure_heart_congestive,,wheezing
accident_cerebrovascular,885.0,dysarthria
accident_cerebrovascular,,asthenia
accident_cerebrovascular,,speech_slurred
accident_cerebrovascular,,facial_paresis
accident_cerebrovascular,,hemiplegia
accident_cerebrovascular,,unresponsiveness
accident_cerebrovascular,,seizure
accident_cerebrovascular,,numbness
asthma,835.0,wheezing
asthma,,cough
asthma,,shortness_of_breath
asthma,,chest_tightness
asthma,,nonproductive_cough
asthma,,pleuritic_pain
asthma,,productive_cough
asthma,,symptom_aggravating_factors
asthma,,distress_respiratory
myocardial_infarction,759.0,pain_chest
myocardial_infarction,,st_segment_elevation
myocardial_infarction,,sweatsweating_increased
myocardial_infarction,,shortness_of_breath
myocardial_infarction,,st_segment_depression
myocardial_infarction,,hypokinesia
myocardial_infarction,,angina_pectoris
myocardial_infarction,,pressure_chest
myocardial_infarction,,t_wave_inverted
myocardial_infarction,,orthopnea
myocardial_infarction,,rale
myocardial_infarction,,chest_tightness
myocardial_infarction,,presence_of_q_wave
myocardial_infarction,,palpitation
myocardial_infarction,,dyspnea
myocardial_infarction,,chest_discomfort
myocardial_infarction,,bradycardia
myocardial_infarction,,syncope
hypercholesterolemia,685.0,pain
hypercholesterolemia,,pain_chest
hypercholesterolemia,,sweatsweating_increased
hypercholesterolemia,,nonsmoker
hypercholesterolemia,,pressure_chest
hypercholesterolemia,,syncope
hypercholesterolemia,,numbness
hypercholesterolemia,,chest_discomfort
hypercholesterolemia,,shortness_of_breath
hypercholesterolemia,,st_segment_depression
hypercholesterolemia,,worry
hypercholesterolemia,,t_wave_inverted
hypercholesterolemia,,bradycardia
hypercholesterolemia,,dyspnea
infection,630.0,fever
infection,,erythema
infection,,decreased_translucency
infection,,hepatosplenomegaly
infection,,chill
infection,,pruritus
infection,,diarrhea
infection,,abscess_bacterial
infection,,swelling
infection,,pain
infection,,apyrexial
infection,,cough
infection_urinary_tract,597.0,fever
infection_urinary_tract,,dysuria
infection_urinary_tract,,hematuria
infection_urinary_tract,,renal_angle_tenderness
infection_urinary_tract,,lethargy
infection_urinary_tract,,asthenia
infection_urinary_tract,,hyponatremia
infection_urinary_tract,,hemodynamically_stable
infection_urinary_tract,,distress_respiratory
infection_urinary_tract,,difficulty_passing_urine
infection_urinary_tract,,mental_status_changes
infection_urinary_tract,,consciousness_clear
anemia,544.0,chill
anemia,,guaiac_positive
anemia,,monoclonal
anemia,,ecchymosis
anemia,,tumor_cell_invasion
anemia,,haemorrhage
anemia,,pallor
anemia,,asthenia
anemia,,fatigue
anemia,,heme_positive
anemia,,pain_back
anemia,,orthostasis
anemia,,hyponatremia
anemia,,dizziness
anemia,,shortness_of_breath
anemia,,pain
anemia,,rhonchus
anemia,,arthralgia
anemia,,swelling
anemia,,transaminitis
chronic_obstructive_airway_disease,524.0,shortness_of_breath
chronic_obstructive_airway_disease,,wheezing
chronic_obstructive_airway_disease,,cough
chronic_obstructive_airway_disease,,dyspnea
chronic_obstructive_airway_disease,,distress_respiratory
chronic_obstructive_airway_disease,,sputum_purulent
chronic_obstructive_airway_disease,,hypoxemia
chronic_obstructive_airway_disease,,hypercapnia
chronic_obstructive_airway_disease,,patient_non_compliance
chronic_obstructive_airway_disease,,chest_tightness
dementia,504.0,fever
dementia,,fall
dementia,,unresponsiveness
dementia,,lethargy
dementia,,agitation
dementia,,ecchymosis
dementia,,syncope
dementia,,rale
dementia,,unconscious_state
dementia,,cough
dementia,,bedriddenbedridden
dementia,,pain
dementia,,facial_paresis
dementia,,abdominal_tenderness
dementia,,rhonchus
dementia,,unsteady_gait
dementia,,hallucinations_auditory
insufficiency_renal,445.0,shortness_of_breath
insufficiency_renal,,hyperkalemia
insufficiency_renal,,orthopnea
insufficiency_renal,,rale
insufficiency_renal,,urgency_of_micturition
insufficiency_renal,,ascites
insufficiency_renal,,guaiac_positive
insufficiency_renal,,asthenia
insufficiency_renal,,apyrexial
insufficiency_renal,,mental_status_changes
insufficiency_renal,,dyspnea
insufficiency_renal,,difficulty
insufficiency_renal,,diarrhea
insufficiency_renal,,hypotension
insufficiency_renal,,breath_sounds_decreased
insufficiency_renal,,swelling
insufficiency_renal,,hypokinesia
confusion,408.0,seizure
confusion,,enuresis
confusion,,lethargy
confusion,,speech_slurred
confusion,,fall
confusion,,consciousness_clear
confusion,,mental_status_changes
confusion,,asterixis
confusion,,unconscious_state
confusion,,agitation
confusion,,muscle_twitch
confusion,,asthenia
confusion,,sleepy
confusion,,dizziness
confusion,,headache
confusion,,dysarthria
confusion,,lightheadedness
confusion,,tremor
confusion,,hyponatremia
confusion,,unresponsiveness
degenerative_polyarthritis,405.0,pain
degenerative_polyarthritis,,food_intolerance
degenerative_polyarthritis,,numbness_of_hand
degenerative_polyarthritis,,general_discomfort
degenerative_polyarthritis,,drowsiness
degenerative_polyarthritis,,asthenia
degenerative_polyarthritis,,nonsmoker
degenerative_polyarthritis,,nonproductive_cough
degenerative_polyarthritis,,polydypsia
degenerative_polyarthritis,,stiffness
degenerative_polyarthritis,,unsteady_gait
hypothyroidism,398.0,shortness_of_breath
hypothyroidism,,prostatism
hypothyroidism,,drowsinesssleepy
hypothyroidism,,hyponatremia
hypothyroidism,,fall
hypothyroidism,,unsteady_gait
hypothyroidism,,polyuria
hypothyroidism,,hypotension
hypothyroidism,,difficulty
hypothyroidism,,syncope
hypothyroidism,,nightmare
hypothyroidism,,speech_slurred
hypothyroidism,,weight_gain
hypothyroidism,,asthenia
hypothyroidism,,fatiguetired
hypothyroidism,,agitation
hypothyroidism,,mental_status_changes
hypothyroidism,,motor_retardation
hypothyroidism,,vomiting
hypothyroidism,,numbness
hypothyroidism,,mass_of_body_structure
anxiety_state,390.0,worry
anxiety_state,,feeling_suicidal
anxiety_state,,suicidal
anxiety_state,,sleeplessness
anxiety_state,,feeling_hopeless
anxiety_state,,irritable_mood
anxiety_state,,tremor
anxiety_state,,blackout
anxiety_state,,weepiness
anxiety_state,,has_religious_belief
anxiety_state,,nervousness
anxiety_state,,hallucinations_visual
anxiety_state,,formication
anxiety_state,,difficulty
anxiety_state,,pain_chest
anxiety_state,,patient_non_compliance
anxiety_state,,agitation
anxiety_state,,palpitation
anxiety_state,,hallucinations_auditory
anxiety_state,,mood_depressed
anxiety_state,,hot_flush
anxiety_state,,pain
anxiety_state,,consciousness_clear
anxiety_state,,nightmare
malignant_neoplasmsprimary_malignant_neoplasm,354.0,pain
malignant_neoplasmsprimary_malignant_neoplasm,,mass_of_body_structure
malignant_neoplasmsprimary_malignant_neoplasm,,lesion
malignant_neoplasmsprimary_malignant_neoplasm,,cushingoid_faciescushingoid_habitus
malignant_neoplasmsprimary_malignant_neoplasm,,emphysematous_change
malignant_neoplasmsprimary_malignant_neoplasm,,decreased_body_weight
malignant_neoplasmsprimary_malignant_neoplasm,,ascites
malignant_neoplasmsprimary_malignant_neoplasm,,hoarseness
malignant_neoplasmsprimary_malignant_neoplasm,,thicken
malignant_neoplasmsprimary_malignant_neoplasm,,hematuria
acquired_immunodeficiency_syndromehivhiv_infections,350.0,fever
acquired_immunodeficiency_syndromehivhiv_infections,,night_sweat
acquired_immunodeficiency_syndromehivhiv_infections,,spontaneous_rupture_of_membranes
acquired_immunodeficiency_syndromehivhiv_infections,,cough
acquired_immunodeficiency_syndromehivhiv_infections,,
acquired_immunodeficiency_syndromehivhiv_infections,,decreased_body_weight
acquired_immunodeficiency_syndromehivhiv_infections,,chill
acquired_immunodeficiency_syndromehivhiv_infections,,diarrhea
acquired_immunodeficiency_syndromehivhiv_infections,,pleuritic_pain
acquired_immunodeficiency_syndromehivhiv_infections,,patient_non_compliance
acquired_immunodeficiency_syndromehivhiv_infections,,tachypnea
acquired_immunodeficiency_syndromehivhiv_infections,,productive_cough
acquired_immunodeficiency_syndromehivhiv_infections,,muscle_hypotoniahypotonic
acquired_immunodeficiency_syndromehivhiv_infections,,feeling_suicidal
cellulitis,341.0,erythema
cellulitis,,pain
cellulitis,,swelling
cellulitis,,redness
cellulitis,,fever
cellulitis,,abscess_bacterial
cellulitis,,patient_non_compliance
cellulitis,,hypesthesia
cellulitis,,hyperacusis
cellulitis,,pruritus
cellulitis,,pain_chest
cellulitis,,scratch_marks
cellulitis,,chill
cellulitis,,sore_to_touch
gastroesophageal_reflux_disease,325.0,pain
gastroesophageal_reflux_disease,,pain_chest
gastroesophageal_reflux_disease,,burning_sensation
gastroesophageal_reflux_disease,,hyponatremia
gastroesophageal_reflux_disease,,satiety_early
gastroesophageal_reflux_disease,,throbbing_sensation_quality
gastroesophageal_reflux_disease,,chest_tightness
gastroesophageal_reflux_disease,,sensory_discomfort
gastroesophageal_reflux_disease,,presence_of_q_wave
gastroesophageal_reflux_disease,,nausea
gastroesophageal_reflux_disease,,general_discomfort
gastroesophageal_reflux_disease,,constipation
gastroesophageal_reflux_disease,,palpitation
gastroesophageal_reflux_disease,,pain_abdominal
gastroesophageal_reflux_disease,,heartburn
gastroesophageal_reflux_disease,,sweatsweating_increased
gastroesophageal_reflux_disease,,asthenia
septicemiasystemic_infectionsepsis_invertebrate,311.0,fever
septicemiasystemic_infectionsepsis_invertebrate,,distress_respiratory
septicemiasystemic_infectionsepsis_invertebrate,,hypotension
septicemiasystemic_infectionsepsis_invertebrate,,tachypnea
septicemiasystemic_infectionsepsis_invertebrate,,chill
septicemiasystemic_infectionsepsis_invertebrate,,lethargy
septicemiasystemic_infectionsepsis_invertebrate,,bradycardia
septicemiasystemic_infectionsepsis_invertebrate,,breech_presentation
septicemiasystemic_infectionsepsis_invertebrate,,cyanosis
septicemiasystemic_infectionsepsis_invertebrate,,spontaneous_rupture_of_membranes
septicemiasystemic_infectionsepsis_invertebrate,,haemorrhage
septicemiasystemic_infectionsepsis_invertebrate,,unresponsiveness
septicemiasystemic_infectionsepsis_invertebrate,,rale
septicemiasystemic_infectionsepsis_invertebrate,,apyrexial
deep_vein_thrombosis,310.0,swelling
deep_vein_thrombosis,,pain
deep_vein_thrombosis,,ecchymosis
deep_vein_thrombosis,,shortness_of_breath
deep_vein_thrombosis,,pain_in_lower_limb
deep_vein_thrombosis,,cardiomegaly
deep_vein_thrombosis,,rale
deep_vein_thrombosis,,erythema
deep_vein_thrombosis,,hypotension
deep_vein_thrombosis,,clonus
deep_vein_thrombosis,,nonproductive_cough
deep_vein_thrombosis,,redness
dehydration,297.0,fever
dehydration,,diarrhea
dehydration,,vomiting
dehydration,,hypotension
dehydration,,nausea
dehydration,,lightheadedness
dehydration,,unwell
dehydration,,mental_status_changes
dehydration,,anorexia
dehydration,,asthenia
dehydration,,sensory_discomfort
dehydration,,syncope
dehydration,,lethargy
dehydration,,dizziness
dehydration,,syncopeblackouthistory_of__blackout
neoplasm,297.0,mass_of_body_structure
neoplasm,,lesion
neoplasm,,pain_chest
neoplasm,,hematuria
neoplasm,,tumor_cell_invasion
neoplasm,,pain
neoplasm,,anosmia
neoplasm,,thicken
neoplasm,,metastatic_lesion
neoplasm,,food_intolerance
neoplasm,,decreased_body_weight
neoplasm,,night_sweat
neoplasm,,hemianopsia_homonymous
neoplasm,,satiety_early
neoplasm,,pain_abdominal
neoplasm,,headache
embolism_pulmonary,294.0,shortness_of_breath
embolism_pulmonary,,hypoxemia
embolism_pulmonary,,tachypnea
embolism_pulmonary,,hematocrit_decreased
embolism_pulmonary,,pain_chest
embolism_pulmonary,,dyspnea
embolism_pulmonary,,pleuritic_pain
embolism_pulmonary,,neck_stiffness
embolism_pulmonary,,yellow_sputum
embolism_pulmonary,,productive_cough
embolism_pulmonary,,cicatrisation
embolism_pulmonary,,unresponsiveness
embolism_pulmonary,,distress_respiratory
embolism_pulmonary,,wheezing
embolism_pulmonary,,apyrexial
embolism_pulmonary,,nonproductive_cough
epilepsy,290.0,seizure
epilepsy,,hypometabolism
epilepsy,,aura
epilepsy,,muscle_twitch
epilepsy,,drowsiness
epilepsy,,tremor
epilepsy,,unresponsiveness
epilepsy,,hemiplegia
epilepsy,,myoclonus
epilepsy,,gurgle
epilepsy,,sleepy
epilepsy,,lethargy
epilepsy,,wheelchair_bound
cardiomyopathy,283.0,shortness_of_breath
cardiomyopathy,,orthopnea
cardiomyopathy,,hypokinesia
cardiomyopathy,,jugular_venous_distention
cardiomyopathy,,palpitation
cardiomyopathy,,pain_chest
cardiomyopathy,,syncope
cardiomyopathy,,yellow_sputum
cardiomyopathy,,rale
cardiomyopathy,,dyspnea
cardiomyopathy,,dyspnea_on_exertion
cardiomyopathy,,left_atrial_hypertrophy
cardiomyopathy,,fatigue
cardiomyopathy,,weight_gain
cardiomyopathy,,patient_non_compliance
chronic_kidney_failure,280.0,vomiting
chronic_kidney_failure,,orthopnea
chronic_kidney_failure,,hyperkalemia
chronic_kidney_failure,,oliguria
chronic_kidney_failure,,jugular_venous_distention
chronic_kidney_failure,,nausea
chronic_kidney_failure,,shortness_of_breath
chronic_kidney_failure,,mental_status_changes
chronic_kidney_failure,,diarrhea
chronic_kidney_failure,,asthenia
chronic_kidney_failure,,chest_tightness
chronic_kidney_failure,,malaise
chronic_kidney_failure,,chill
chronic_kidney_failure,,rale
chronic_kidney_failure,,fever
chronic_kidney_failure,,pleuritic_pain
chronic_kidney_failure,,apyrexial
chronic_kidney_failure,,guaiac_positive
chronic_kidney_failure,,swelling
chronic_kidney_failure,,catatonia
chronic_kidney_failure,,unresponsiveness
chronic_kidney_failure,,yellow_sputum
carcinoma,269.0,mass_of_body_structure
carcinoma,,pain
carcinoma,,lesion
carcinoma,,tumor_cell_invasion
carcinoma,,thicken
carcinoma,,decreased_body_weight
carcinoma,,hoarseness
carcinoma,,general_discomfort
carcinoma,,metastatic_lesion
carcinoma,,nonproductive_cough
carcinoma,,constipation
carcinoma,,unhappy
carcinoma,,paresthesia
carcinoma,,gravida_0
carcinoma,,diarrhea
carcinoma,,sore_to_touch
carcinoma,,heartburn
carcinoma,,nausea
carcinoma,,lung_nodule
hepatitis_c,269.0,ascites
hepatitis_c,,distended_abdomen
hepatitis_c,,feeling_suicidal
hepatitis_c,,cough
hepatitis_c,,ache
hepatitis_c,,macerated_skin
hepatitis_c,,heavy_feeling
hepatitis_c,,hallucinations_auditory
hepatitis_c,,chill
hepatitis_c,,asterixis
hepatitis_c,,patient_non_compliance
peripheral_vascular_disease,268.0,shortness_of_breath
peripheral_vascular_disease,,rest_pain
peripheral_vascular_disease,,angina_pectoris
peripheral_vascular_disease,,unresponsiveness
peripheral_vascular_disease,,hyperkalemia
peripheral_vascular_disease,,sinus_rhythm
peripheral_vascular_disease,,labored_breathing
peripheral_vascular_disease,,dyspnea
peripheral_vascular_disease,,sore_to_touch
peripheral_vascular_disease,,anorexia
peripheral_vascular_disease,,sleepy
psychotic_disorder,267.0,suicidal
psychotic_disorder,,hallucinations_auditory
psychotic_disorder,,feeling_suicidal
psychotic_disorder,,hallucinations_visual
psychotic_disorder,,motor_retardation
psychotic_disorder,,blackout
psychotic_disorder,,verbal_auditory_hallucinations
psychotic_disorder,,feeling_hopeless
psychotic_disorder,,irritable_mood
psychotic_disorder,,agitation
psychotic_disorder,,tremor
psychotic_disorder,,catatonia
psychotic_disorder,,weepiness
psychotic_disorder,,homelessness
psychotic_disorder,,sleeplessness
psychotic_disorder,,withdraw
psychotic_disorder,,energy_increased
psychotic_disorder,,intoxication
psychotic_disorder,,worry
psychotic_disorder,,behavior_hyperactive
psychotic_disorder,,patient_non_compliance
psychotic_disorder,,mood_depressed
psychotic_disorder,,terrify
psychotic_disorder,,nightmare
psychotic_disorder,,consciousness_clear
hyperlipidemia,247.0,pain_chest
hyperlipidemia,,angina_pectoris
hyperlipidemia,,palpitation
hyperlipidemia,,presence_of_q_wave
hyperlipidemia,,photopsia
hyperlipidemia,,sweatsweating_increased
hyperlipidemia,,chest_discomfort
hyperlipidemia,,shortness_of_breath
hyperlipidemia,,giddy_mood
hyperlipidemia,,hypokinesia
hyperlipidemia,,hemiplegia
hyperlipidemia,,dizziness
bipolar_disorder,241.0,feeling_suicidal
bipolar_disorder,,energy_increased
bipolar_disorder,,suicidal
bipolar_disorder,,irritable_mood
bipolar_disorder,,agitation
bipolar_disorder,,has_religious_belief
bipolar_disorder,,disturbed_family
bipolar_disorder,,hallucinations_auditory
bipolar_disorder,,verbal_auditory_hallucinations
bipolar_disorder,,weepiness
bipolar_disorder,,behavior_hyperactive
bipolar_disorder,,catatonia
bipolar_disorder,,feeling_hopeless
bipolar_disorder,,worry
bipolar_disorder,,sleeplessness
bipolar_disorder,,hypersomnia
bipolar_disorder,,difficulty
bipolar_disorder,,hallucinations_visual
bipolar_disorder,,hyperhidrosis_disorder
bipolar_disorder,,mydriasis
bipolar_disorder,,extrapyramidal_sign
bipolar_disorder,,loose_associations
bipolar_disorder,,intoxication
bipolar_disorder,,motor_retardation
bipolar_disorder,,homelessness
bipolar_disorder,,blackout
bipolar_disorder,,tremor
bipolar_disorder,,exhaustion
obesity,228.0,pain
obesity,,catatonia
obesity,,snore
obesity,,pain_chest
obesity,,r_wave_feature
obesity,,has_religious_belief
obesity,,shortness_of_breath
obesity,,fatiguetired
obesity,,overweight
obesity,,systolic_murmur
obesity,,mood_depressed
obesity,,ecchymosis
ischemia,226.0,drowsinesssleepy
ischemia,,pain_chest
ischemia,,angina_pectoris
ischemia,,pressure_chest
ischemia,,chest_discomfort
ischemia,,shortness_of_breath
ischemia,,dyspnea
ischemia,,sinus_rhythm
ischemia,,bradycardia
ischemia,,sweatsweating_increased
ischemia,,rale
ischemia,,asymptomatic
ischemia,,anorexia
cirrhosis,218.0,ascites
cirrhosis,,fall
cirrhosis,,splenomegaly
cirrhosis,,pruritus
cirrhosis,,pain_abdominal
cirrhosis,,tumor_cell_invasion
cirrhosis,,distended_abdomen
cirrhosis,,lesion
cirrhosis,,hemodynamically_stable
cirrhosis,,guaiac_positive
cirrhosis,,sore_to_touch
cirrhosis,,bleeding_of_vagina
exanthema,208.0,fever
exanthema,,pruritus
exanthema,,macule
exanthema,,lesion
exanthema,,redness
exanthema,,headache
exanthema,,apyrexial
exanthema,,arthralgia
exanthema,,swelling
exanthema,,erythema
exanthema,,photophobia
exanthema,,chill
exanthema,,scratch_marks
exanthema,,pain
exanthema,,painful_swallowing
benign_prostatic_hypertrophy,192.0,mental_status_changes
benign_prostatic_hypertrophy,,cachexia
benign_prostatic_hypertrophy,,blackout
benign_prostatic_hypertrophy,,orthostasis
benign_prostatic_hypertrophy,,orthopnea
benign_prostatic_hypertrophy,,night_sweat
benign_prostatic_hypertrophy,,distress_respiratory
benign_prostatic_hypertrophy,,anorexia
benign_prostatic_hypertrophy,,dysarthria
kidney_failure_acute,186.0,hyperkalemia
kidney_failure_acute,,hypotension
kidney_failure_acute,,hypocalcemia_result
kidney_failure_acute,,oliguria
kidney_failure_acute,,hemodynamically_stable
kidney_failure_acute,,asthenia
kidney_failure_acute,,hypothermia_natural
kidney_failure_acute,,diarrhea
kidney_failure_acute,,haemorrhage
kidney_failure_acute,,unresponsiveness
mitral_valve_insufficiency,186.0,shortness_of_breath
mitral_valve_insufficiency,,dyspnea_on_exertion
mitral_valve_insufficiency,,asymptomatic
mitral_valve_insufficiency,,hypokinesia
mitral_valve_insufficiency,,dyspnea
mitral_valve_insufficiency,,syncope
mitral_valve_insufficiency,,thicken
mitral_valve_insufficiency,,left_atrial_hypertrophy
mitral_valve_insufficiency,,palpitation
mitral_valve_insufficiency,,fatigue
mitral_valve_insufficiency,,vomiting
mitral_valve_insufficiency,,pain
mitral_valve_insufficiency,,cardiomegaly
mitral_valve_insufficiency,,chest_discomfort
arthritis,179.0,pain
arthritis,,hemodynamically_stable
arthritis,,sleeplessness
arthritis,,asthenia
arthritis,,syncope
arthritis,,swelling
arthritis,,atypia
arthritis,,general_unsteadiness
arthritis,,shortness_of_breath
arthritis,,distended_abdomen
bronchitis,172.0,cough
bronchitis,,wheezing
bronchitis,,shortness_of_breath
bronchitis,,chest_tightness
bronchitis,,fever
bronchitis,,throat_sore
bronchitis,,productive_cough
bronchitis,,hepatosplenomegaly
bronchitis,,night_sweat
bronchitis,,haemoptysis
bronchitis,,labored_breathing
bronchitis,,snuffle
bronchitis,,hacking_cough
bronchitis,,dyspnea
bronchitis,,chill
bronchitis,,stridor
bronchitis,,decreased_body_weight
hemiparesis,171.0,dysarthria
hemiparesis,,paresis
hemiparesis,,asthenia
hemiparesis,,aphagia
hemiparesis,,seizure
hemiparesis,,speech_slurred
hemiparesis,,focal_seizures
hemiparesis,,hemiplegia
hemiparesis,,abnormal_sensation
hemiparesis,,unresponsiveness
hemiparesis,,stupor
hemiparesis,,drowsinesssleepy
hemiparesis,,fremitus
hemiparesis,,stahlis_line
hemiparesis,,stinging_sensation
hemiparesis,,paralyse
hemiparesis,,clonus
hemiparesis,,facial_paresis
osteoporosis,169.0,prostatism
osteoporosis,,fall
osteoporosis,,hirsutism
osteoporosis,,sniffle
osteoporosis,,distended_abdomen
osteoporosis,,vertigo
osteoporosis,,numbness_of_hand
osteoporosis,,bradykinesia
osteoporosis,,pain
osteoporosis,,syncope
osteoporosis,,out_of_breath
osteoporosis,,apyrexial
osteoporosis,,urge_incontinence
osteoporosis,,lightheadedness
transient_ischemic_attack,168.0,speech_slurred
transient_ischemic_attack,,dysarthria
transient_ischemic_attack,,facial_paresis
transient_ischemic_attack,,asthenia
transient_ischemic_attack,,neck_stiffness
transient_ischemic_attack,,vertigo
transient_ischemic_attack,,numbness
transient_ischemic_attack,,lightheadedness
transient_ischemic_attack,,extrapyramidal_sign
transient_ischemic_attack,,stahlis_line
transient_ischemic_attack,,vision_blurred
transient_ischemic_attack,,headache
transient_ischemic_attack,,room_spinning
transient_ischemic_attack,,syncope
transient_ischemic_attack,,difficulty
transient_ischemic_attack,,rambling_speech
transient_ischemic_attack,,clumsiness
adenocarcinoma,166.0,mass_of_body_structure
adenocarcinoma,,lesion
adenocarcinoma,,decreased_body_weight
adenocarcinoma,,constipation
adenocarcinoma,,fremitus
adenocarcinoma,,decreased_stool_caliber
adenocarcinoma,,satiety_early
adenocarcinoma,,hematochezia
adenocarcinoma,,egophony
adenocarcinoma,,pain
adenocarcinoma,,cicatrisationscar_tissue
adenocarcinoma,,pain_abdominal
paranoia,165.0,hallucinations_auditory
paranoia,,hallucinations_visual
paranoia,,agitation
paranoia,,irritable_mood
paranoia,,verbal_auditory_hallucinations
paranoia,,feeling_suicidal
paranoia,,suicidal
paranoia,,terrify
paranoia,,neologism
paranoia,,homelessness
paranoia,,energy_increased
paranoia,,mood_depressed
paranoia,,decompensation
paranoia,,cicatrisationscar_tissue
paranoia,,blackout
paranoia,,loose_associations
pancreatitis,165.0,vomiting
pancreatitis,,pain_abdominal
pancreatitis,,nausea
pancreatitis,,pain
pancreatitis,,diarrhea
pancreatitis,,stool_color_yellow
pancreatitis,,rigor__temperatureassociated_observation
pancreatitis,,apyrexial
pancreatitis,,sore_to_touch
incontinence,165.0,paraparesis
incontinence,,seizure
incontinence,,asthenia
incontinence,,urge_incontinence
incontinence,,unconscious_state
incontinence,,aura
incontinence,,moody
incontinence,,fear_of_falling
incontinence,,tremor
incontinence,,spasm
incontinence,,unhappy
incontinence,,syncope
incontinence,,fall
incontinence,,stiffness
incontinence,,unresponsiveness
paroxysmal_dyspnea,165.0,orthopnea
paroxysmal_dyspnea,,shortness_of_breath
paroxysmal_dyspnea,,dyspnea_on_exertion
paroxysmal_dyspnea,,jugular_venous_distention
paroxysmal_dyspnea,,rale
paroxysmal_dyspnea,,pain_chest
paroxysmal_dyspnea,,palpitation
paroxysmal_dyspnea,,sweatsweating_increased
paroxysmal_dyspnea,,weight_gain
paroxysmal_dyspnea,,cough
paroxysmal_dyspnea,,dyspnea
hernia,164.0,pain_abdominal
hernia,,pain
hernia,,hyperventilation
hernia,,excruciating_pain
hernia,,gag
hernia,,nausea
hernia,,posturing
hernia,,hemiplegia
hernia,,sore_to_touch
hernia,,haemorrhage
hernia,,apyrexial
hernia,,food_intolerance
hernia,,pulse_absent
hernia,,asthenia
hernia,,mass_of_body_structure
hernia,,thicken
malignant_neoplasm_of_prostatecarcinoma_prostate,163.0,hematuria
malignant_neoplasm_of_prostatecarcinoma_prostate,,dysesthesia
malignant_neoplasm_of_prostatecarcinoma_prostate,,asthenia
malignant_neoplasm_of_prostatecarcinoma_prostate,,polymyalgia
malignant_neoplasm_of_prostatecarcinoma_prostate,,passed_stones
malignant_neoplasm_of_prostatecarcinoma_prostate,,pleuritic_pain
malignant_neoplasm_of_prostatecarcinoma_prostate,,guaiac_positive
malignant_neoplasm_of_prostatecarcinoma_prostate,,rale
malignant_neoplasm_of_prostatecarcinoma_prostate,,breath_sounds_decreased
malignant_neoplasm_of_prostatecarcinoma_prostate,,urge_incontinence
malignant_neoplasm_of_prostatecarcinoma_prostate,,dysuria
malignant_neoplasm_of_prostatecarcinoma_prostate,,diarrhea
malignant_neoplasm_of_prostatecarcinoma_prostate,,vertigo
malignant_neoplasm_of_prostatecarcinoma_prostate,,qt_interval_prolonged
malignant_neoplasm_of_prostatecarcinoma_prostate,,ataxia
malignant_neoplasm_of_prostatecarcinoma_prostate,,paresis
malignant_neoplasm_of_prostatecarcinoma_prostate,,hemianopsia_homonymous
malignant_neoplasm_of_prostatecarcinoma_prostate,,tumor_cell_invasion
malignant_neoplasm_of_prostatecarcinoma_prostate,,hemodynamically_stable
malignant_neoplasm_of_prostatecarcinoma_prostate,,mass_of_body_structure
malignant_neoplasm_of_prostatecarcinoma_prostate,,rhonchus
malignant_neoplasm_of_prostatecarcinoma_prostate,,orthostasis
malignant_neoplasm_of_prostatecarcinoma_prostate,,decreased_body_weight
edema_pulmonary,161.0,urgency_of_micturition
edema_pulmonary,,shortness_of_breath
edema_pulmonary,,rale
edema_pulmonary,,tachypnea
edema_pulmonary,,orthopnea
edema_pulmonary,,heberdens_node
edema_pulmonary,,jugular_venous_distention
edema_pulmonary,,dyspnea
edema_pulmonary,,sweatsweating_increased
edema_pulmonary,,patient_non_compliance
edema_pulmonary,,chest_discomfort
edema_pulmonary,,hyperkalemia
edema_pulmonary,,sinus_rhythm
edema_pulmonary,,pain_chest
edema_pulmonary,,hypotension
edema_pulmonary,,wheezing
lymphatic_diseases,160.0,pain
lymphatic_diseases,,mass_of_body_structure
lymphatic_diseases,,night_sweat
lymphatic_diseases,,splenomegaly
lymphatic_diseases,,lesion
lymphatic_diseases,,chill
lymphatic_diseases,,decreased_body_weight
lymphatic_diseases,,swelling
lymphatic_diseases,,fever
lymphatic_diseases,,hyperacusis
lymphatic_diseases,,fremitus
lymphatic_diseases,,nonproductive_cough
lymphatic_diseases,,egophony
lymphatic_diseases,,redness
lymphatic_diseases,,hepatomegaly
lymphatic_diseases,,fatigue
stenosis_aortic_valve,158.0,dyspnea_on_exertion
stenosis_aortic_valve,,syncope
stenosis_aortic_valve,,chest_discomfort
stenosis_aortic_valve,,systolic_murmur
stenosis_aortic_valve,,sciatica
stenosis_aortic_valve,,angina_pectoris
stenosis_aortic_valve,,pain_chest
stenosis_aortic_valve,,frothy_sputum
stenosis_aortic_valve,,bradycardia
stenosis_aortic_valve,,shortness_of_breath
stenosis_aortic_valve,,pain
malignant_neoplasm_of_breastcarcinoma_breast,152.0,mass_in_breast
malignant_neoplasm_of_breastcarcinoma_breast,,mass_of_body_structure
malignant_neoplasm_of_breastcarcinoma_breast,,paresthesia
malignant_neoplasm_of_breastcarcinoma_breast,,retropulsion
malignant_neoplasm_of_breastcarcinoma_breast,,erythema
malignant_neoplasm_of_breastcarcinoma_breast,,difficulty
malignant_neoplasm_of_breastcarcinoma_breast,,lesion
malignant_neoplasm_of_breastcarcinoma_breast,,estrogen_use
malignant_neoplasm_of_breastcarcinoma_breast,,burning_sensation
malignant_neoplasm_of_breastcarcinoma_breast,,dyspnea
malignant_neoplasm_of_breastcarcinoma_breast,,swelling
malignant_neoplasm_of_breastcarcinoma_breast,,formication
schizophrenia,147.0,hallucinations_auditory
schizophrenia,,hypersomnolence
schizophrenia,,irritable_mood
schizophrenia,,verbal_auditory_hallucinations
schizophrenia,,patient_non_compliance
schizophrenia,,agitation
schizophrenia,,suicidal
schizophrenia,,worry
schizophrenia,,hallucinations_visual
schizophrenia,,underweightunderweight
schizophrenia,,homelessness
diverticulitis,145.0,pain_abdominal
diverticulitis,,abscess_bacterial
diverticulitis,,dullness
diverticulitis,,red_blotches
diverticulitis,,diarrhea
diverticulitis,,sore_to_touch
diverticulitis,,dysuria
diverticulitis,,pain
diverticulitis,,vomiting
diverticulitis,,sinus_rhythm
diverticulitis,,colic_abdominal
diverticulitis,,apyrexial
diverticulitis,,abdominal_tenderness
diverticulitis,,fever
diverticulitis,,unsteady_gait
diverticulitis,,thicken
diverticulitis,,urgency_of_micturition
diverticulitis,,anorexia
diverticulitis,,monoclonal
diverticulitis,,constipation
overload_fluid,144.0,rale
overload_fluid,,jugular_venous_distention
overload_fluid,,hyperkalemia
overload_fluid,,orthopnea
overload_fluid,,shortness_of_breath
overload_fluid,,drowsinesssleepy
overload_fluid,,weight_gain
overload_fluid,,hypokalemia
overload_fluid,,hypotension
overload_fluid,,swelling
overload_fluid,,distended_abdomen
ulcer_peptic,143.0,pain_abdominal
ulcer_peptic,,paraparesis
ulcer_peptic,,nausea
ulcer_peptic,,vomiting
ulcer_peptic,,polymyalgia
ulcer_peptic,,out_of_breath
ulcer_peptic,,pain_chest
ulcer_peptic,,hemiplegia
ulcer_peptic,,gurgle
ulcer_peptic,,hunger
ulcer_peptic,,apyrexial
ulcer_peptic,,nervousness
osteomyelitis,142.0,pain
osteomyelitis,,redness
osteomyelitis,,prostate_tender
osteomyelitis,,fever
osteomyelitis,,difficulty_passing_urine
osteomyelitis,,sore_to_touch
osteomyelitis,,swelling
osteomyelitis,,apyrexial
osteomyelitis,,erythema
osteomyelitis,,abscess_bacterial
osteomyelitis,,pain_foot
osteomyelitis,,urinary_hesitation
gastritis,140.0,heme_positive
gastritis,,pain_abdominal
gastritis,,vomiting
gastritis,,disequilibrium
gastritis,,nausea
gastritis,,intoxication
gastritis,,haemorrhage
gastritis,,guaiac_positive
gastritis,,pain
gastritis,,decreased_body_weight
gastritis,,sore_to_touch
gastritis,,dizziness
bacteremia,142.0,fever
bacteremia,,chill
bacteremia,,flushing
bacteremia,,unresponsiveness
bacteremia,,indifferent_mood
bacteremia,,urinoma
bacteremia,,vomiting
bacteremia,,distended_abdomen
bacteremia,,hypoalbuminemia
bacteremia,,pustule
bacteremia,,prostatism
bacteremia,,diarrhea
bacteremia,,abdominal_tenderness
bacteremia,,pleuritic_pain
bacteremia,,decreased_translucency
bacteremia,,pallor
failure_kidney,140.0,orthopnea
failure_kidney,,oliguria
failure_kidney,,slowing_of_urinary_stream
failure_kidney,,extreme_exhaustion
failure_kidney,,unresponsiveness
failure_kidney,,hypotension
failure_kidney,,enuresis
failure_kidney,,shortness_of_breath
failure_kidney,,haemorrhage
failure_kidney,,prostatism
failure_kidney,,no_status_change
failure_kidney,,bedriddenbedridden
failure_kidney,,fatigue
sickle_cell_anemia,140.0,breakthrough_pain
sickle_cell_anemia,,pain_back
sickle_cell_anemia,,pain
sickle_cell_anemia,,shortness_of_breath
sickle_cell_anemia,,snuffle
sickle_cell_anemia,,pain_chest
sickle_cell_anemia,,pain_abdominal
sickle_cell_anemia,,hepatosplenomegaly
sickle_cell_anemia,,green_sputum
sickle_cell_anemia,,apyrexial
sickle_cell_anemia,,headache
failure_heart,138.0,orthopnea
failure_heart,,fatigue
failure_heart,,dyspnea_on_exertion
failure_heart,,dyspnea
failure_heart,,shortness_of_breath
failure_heart,,pansystolic_murmur
failure_heart,,jugular_venous_distention
failure_heart,,systolic_ejection_murmur
failure_heart,,hypotension
failure_heart,,angina_pectoris
failure_heart,,hypokinesia
upper_respiratory_infection,135.0,cough
upper_respiratory_infection,,throat_sore
upper_respiratory_infection,,wheezing
upper_respiratory_infection,,shortness_of_breath
upper_respiratory_infection,,labored_breathing
upper_respiratory_infection,,fever
upper_respiratory_infection,,stuffy_nose
upper_respiratory_infection,,nonproductive_cough
upper_respiratory_infection,,snuffle
upper_respiratory_infection,,indifferent_mood
upper_respiratory_infection,,egophony
upper_respiratory_infection,,barking_cough
upper_respiratory_infection,,polymyalgia
upper_respiratory_infection,,pleuritic_pain
upper_respiratory_infection,,night_sweat
upper_respiratory_infection,,dyspnea
upper_respiratory_infection,,productive_cough
upper_respiratory_infection,,decreased_translucency
upper_respiratory_infection,,rhonchus
upper_respiratory_infection,,rapid_shallow_breathing
upper_respiratory_infection,,apyrexial
upper_respiratory_infection,,noisy_respiration
upper_respiratory_infection,,nasal_discharge_present
upper_respiratory_infection,,emphysematous_change
upper_respiratory_infection,,frail
upper_respiratory_infection,,cystic_lesion
upper_respiratory_infection,,symptom_aggravating_factors
upper_respiratory_infection,,hemodynamically_stable
hepatitis,133.0,ascites
hepatitis,,spontaneous_rupture_of_membranes
hepatitis,,tachypnea
hepatitis,,pain_abdominal
hepatitis,,pruritus
hepatitis,,anorexia
hepatitis,,transaminitis
hepatitis,,projectile_vomiting
hepatitis,,chill
hepatitis,,distress_respiratory
hepatitis,,fever
hepatitis,,vomiting
hypertension_pulmonary,128.0,shortness_of_breath
hypertension_pulmonary,,stahlis_line
hypertension_pulmonary,,heavy_legs
hypertension_pulmonary,,breath_sounds_decreased
hypertension_pulmonary,,neck_stiffness
hypertension_pulmonary,,dyspnea_on_exertion
hypertension_pulmonary,,cyanosis
hypertension_pulmonary,,hypotension
hypertension_pulmonary,,left_atrial_hypertrophy
deglutition_disorder,126.0,paresthesia
deglutition_disorder,,titubation
deglutition_disorder,,dysarthria
deglutition_disorder,,painful_swallowing
deglutition_disorder,,hoarseness
deglutition_disorder,,stridor
deglutition_disorder,,spasm
deglutition_disorder,,asthenia
deglutition_disorder,,dysdiadochokinesia
deglutition_disorder,,ataxia
deglutition_disorder,,achalasia
deglutition_disorder,,decreased_body_weight
deglutition_disorder,,stiffness
deglutition_disorder,,lesion
deglutition_disorder,,side_pain
gout,124.0,hot_flush
gout,,pain
gout,,redness
gout,,swelling
gout,,erythema
gout,,emphysematous_change
gout,,sore_to_touch
gout,,hypokinesia
gout,,ascites
gout,,patient_non_compliance
thrombocytopaenia,123.0,ecchymosis
thrombocytopaenia,,monocytosis
thrombocytopaenia,,posterior_rhinorrhea
thrombocytopaenia,,haemorrhage
thrombocytopaenia,,tachypnea
thrombocytopaenia,,fever
thrombocytopaenia,,pruritus
thrombocytopaenia,,hypotension
thrombocytopaenia,,fatigue
hypoglycemia,122.0,unresponsiveness
hypoglycemia,,hypothermia_natural
hypoglycemia,,incoherent
hypoglycemia,,qt_interval_prolonged
hypoglycemia,,lamenessclaudication
hypoglycemia,,unconscious_state
hypoglycemia,,clammy_skin
hypoglycemia,,polyuria
hypoglycemia,,distress_respiratory
hypoglycemia,,hypotension
pneumonia_aspiration,119.0,mediastinal_shift
pneumonia_aspiration,,fever
pneumonia_aspiration,,clonus
pneumonia_aspiration,,mental_status_changes
pneumonia_aspiration,,decreased_translucency
pneumonia_aspiration,,unresponsiveness
pneumonia_aspiration,,extreme_exhaustion
pneumonia_aspiration,,stupor
pneumonia_aspiration,,seizure
pneumonia_aspiration,,transaminitis
pneumonia_aspiration,,hemiplegia
pneumonia_aspiration,,cough
pneumonia_aspiration,,gurgle
pneumonia_aspiration,,pain
pneumonia_aspiration,,diarrhea
pneumonia_aspiration,,pain_abdominal
colitis,114.0,fever
colitis,,thicken
colitis,,green_sputum
colitis,,vomiting
colitis,,nausea_and_vomiting
colitis,,awakening_early
colitis,,pain
colitis,,nausea
colitis,,chill
colitis,,tenesmus
colitis,,urge_incontinence
colitis,,pain_abdominal
colitis,,hemodynamically_stable
diverticulosis,114.0,fecaluria
diverticulosis,,constipation
diverticulosis,,abscess_bacterial
diverticulosis,,heme_positive
diverticulosis,,lightheadedness
diverticulosis,,diarrhea
diverticulosis,,haemorrhage
diverticulosis,,pain
diverticulosis,,projectile_vomiting
diverticulosis,,pneumatouria
diverticulosis,,cystic_lesion
diverticulosis,,anorexia
diverticulosis,,nausea
diverticulosis,,feeling_suicidal
diverticulosis,,feeling_hopeless
suicide_attempt,114.0,hallucinations_auditory
suicide_attempt,,sleeplessness
suicide_attempt,,suicidal
suicide_attempt,,motor_retardation
suicide_attempt,,weepiness
suicide_attempt,,unable_to_concentrate
suicide_attempt,,todd_paralysis
suicide_attempt,,worry
suicide_attempt,,fatigue
suicide_attempt,,tremor
suicide_attempt,,alcoholic_withdrawal_symptoms
suicide_attempt,,agitation
suicide_attempt,,unresponsiveness
suicide_attempt,,blackout
suicide_attempt,,withdraw
suicide_attempt,,difficulty
suicide_attempt,,irritable_mood
suicide_attempt,,sensory_discomfort
suicide_attempt,,drowsiness
suicide_attempt,,formication
suicide_attempt,,unconscious_state
suicide_attempt,,fever
suicide_attempt,,cough
pneumocystis_carinii_pneumonia,113.0,yellow_sputum
pneumocystis_carinii_pneumonia,,cachexia
pneumocystis_carinii_pneumonia,,chill
pneumocystis_carinii_pneumonia,,decreased_body_weight
pneumocystis_carinii_pneumonia,,productive_cough
pneumocystis_carinii_pneumonia,,myalgia
pneumocystis_carinii_pneumonia,,diarrhea
pneumocystis_carinii_pneumonia,,neck_stiffness
pneumocystis_carinii_pneumonia,,hacking_cough
pneumocystis_carinii_pneumonia,,dyspareunia
pneumocystis_carinii_pneumonia,,hypokalemia
pneumocystis_carinii_pneumonia,,dyspnea_on_exertion
pneumocystis_carinii_pneumonia,,poor_dentition
pneumocystis_carinii_pneumonia,,transaminitis
pneumocystis_carinii_pneumonia,,nonproductive_cough
pneumocystis_carinii_pneumonia,,headache
pneumocystis_carinii_pneumonia,,floppy
pneumocystis_carinii_pneumonia,,spontaneous_rupture_of_membranes
hepatitis_b,111.0,inappropriate_affect
hepatitis_b,,tachypnea
hepatitis_b,,yellow_sputum
hepatitis_b,,projectile_vomiting
hepatitis_b,,poor_feeding
hepatitis_b,,pain_abdominal
hepatitis_b,,abdominal_tenderness
hepatitis_b,,wheelchair_bound
hepatitis_b,,moan
parkinson_disease,108.0,achalasia
parkinson_disease,,fall
parkinson_disease,,stiffness
parkinson_disease,,withdraw
parkinson_disease,,agitation
parkinson_disease,,hemiplegia
parkinson_disease,,difficulty
parkinson_disease,,unresponsiveness
parkinson_disease,,syncope
parkinson_disease,,facial_paresis
parkinson_disease,,orthostasis
parkinson_disease,,worry
parkinson_disease,,drowsinesssleepy
parkinson_disease,,hematuria
parkinson_disease,,tremor
parkinson_disease,,night_sweat
parkinson_disease,,mass_of_body_structure
lymphoma,105.0,lesion
lymphoma,,fever
lymphoma,,welt
lymphoma,,transaminitis
lymphoma,,decreased_body_weight
lymphoma,,ataxia
lymphoma,,tinnitus
lymphoma,,hydropneumothorax
lymphoma,,superimposition
lymphoma,,haemoptysis
lymphoma,,fatiguetired
lymphoma,,polydypsia
lymphoma,,difficulty_passing_urine
hyperglycemia,104.0,sore_to_touch
hyperglycemia,,pruritus
hyperglycemia,,feeling_strange
hyperglycemia,,pustule
hyperglycemia,,cushingoid_faciescushingoid_habitus
hyperglycemia,,decreased_body_weight
hyperglycemia,,mood_depressed
hyperglycemia,,estrogen_use
hyperglycemia,,wheezing
hyperglycemia,,ascites
hyperglycemia,,seizure
encephalopathy,103.0,uncoordination
encephalopathy,,asterixis
encephalopathy,,haemorrhage
encephalopathy,,drowsinesssleepy
encephalopathy,,absences_finding
encephalopathy,,posturing
encephalopathy,,aura
encephalopathy,,tonic_seizures
encephalopathy,,debilitation
encephalopathy,,consciousness_clear
encephalopathy,,unresponsiveness
encephalopathy,,thicken
encephalopathy,,hypokinesia
tricuspid_valve_insufficiency,101.0,shortness_of_breath
tricuspid_valve_insufficiency,,pain
tricuspid_valve_insufficiency,,vomiting
tricuspid_valve_insufficiency,,nausea
tricuspid_valve_insufficiency,,bradycardia
tricuspid_valve_insufficiency,,pain_abdominal
tricuspid_valve_insufficiency,,fever
tricuspid_valve_insufficiency,,cicatrisation
tricuspid_valve_insufficiency,,mediastinal_shift
tricuspid_valve_insufficiency,,impaired_cognition
alzheimers_disease,101.0,drool
alzheimers_disease,,agitation
alzheimers_disease,,nightmare
alzheimers_disease,,rhonchus
alzheimers_disease,,consciousness_clear
alzheimers_disease,,pinpoint_pupils
alzheimers_disease,,bedriddenbedridden
alzheimers_disease,,frail
alzheimers_disease,,tremor_resting
alzheimers_disease,,hyperkalemia
alzheimers_disease,,facial_paresis
alzheimers_disease,,groggy
alzheimers_disease,,muscle_twitch
alzheimers_disease,,wheelchair_bound
alzheimers_disease,,tremor
alzheimers_disease,,cough
alzheimers_disease,,fever
candidiasisoral_candidiasis,99.0,diarrhea
candidiasisoral_candidiasis,,throat_sore
candidiasisoral_candidiasis,,decreased_body_weight
candidiasisoral_candidiasis,,chill
candidiasisoral_candidiasis,,headache
candidiasisoral_candidiasis,,abdominal_tenderness
candidiasisoral_candidiasis,,patient_non_compliance
candidiasisoral_candidiasis,,photophobia
candidiasisoral_candidiasis,,night_sweat
candidiasisoral_candidiasis,,painful_swallowing
candidiasisoral_candidiasis,,poor_dentition
candidiasisoral_candidiasis,,transaminitis
candidiasisoral_candidiasis,,nonproductive_cough
candidiasisoral_candidiasis,,adverse_reactionadverse_effect
candidiasisoral_candidiasis,,abdominal_bloating
neuropathy,99.0,asthenia
neuropathy,,numbness
neuropathy,,nausea_and_vomiting
neuropathy,,awakening_early
neuropathy,,hydropneumothorax
neuropathy,,superimposition
neuropathy,,fatigability
neuropathy,,tenesmus
neuropathy,,pain
neuropathy,,slowing_of_urinary_stream
kidney_disease,96.0,shortness_of_breath
kidney_disease,,hyperkalemia
kidney_disease,,pain_chest
kidney_disease,,fever
kidney_disease,,gravida_0
kidney_disease,,bleeding_of_vagina
fibroid_tumor,96.0,para_2
fibroid_tumor,,haemorrhage
fibroid_tumor,,abortion
fibroid_tumor,,intermenstrual_heavy_bleeding
fibroid_tumor,,muscle_hypotoniahypotonic
fibroid_tumor,,previous_pregnancies_2
fibroid_tumor,,shortness_of_breath
fibroid_tumor,,fever
fibroid_tumor,,heartburn
fibroid_tumor,,primigravida
fibroid_tumor,,abnormally_hard_consistency
fibroid_tumor,,proteinemia
glaucoma,95.0,fall
glaucoma,,distended_abdomen
glaucoma,,unsteady_gait
glaucoma,,paresthesia
glaucoma,,hyponatremia
glaucoma,,agitation
glaucoma,,unconscious_state
glaucoma,,burning_sensation
glaucoma,,lesion
glaucoma,,mass_of_body_structure
neoplasm_metastasis,94.0,thicken
neoplasm_metastasis,,tumor_cell_invasion
neoplasm_metastasis,,metastatic_lesion
neoplasm_metastasis,,pain_neck
neoplasm_metastasis,,lung_nodule
neoplasm_metastasis,,pain
neoplasm_metastasis,,pain_abdominal
neoplasm_metastasis,,food_intolerance
neoplasm_metastasis,,mass_of_body_structure
neoplasm_metastasis,,atypia
malignant_tumor_of_coloncarcinoma_colon,94.0,lesion
malignant_tumor_of_coloncarcinoma_colon,,prostatism
malignant_tumor_of_coloncarcinoma_colon,,constipation
malignant_tumor_of_coloncarcinoma_colon,,general_discomfort
malignant_tumor_of_coloncarcinoma_colon,,diarrhea
malignant_tumor_of_coloncarcinoma_colon,,pain_abdominal
malignant_tumor_of_coloncarcinoma_colon,,urinary_hesitation
malignant_tumor_of_coloncarcinoma_colon,,dizzy_spells
malignant_tumor_of_coloncarcinoma_colon,,shooting_pain
malignant_tumor_of_coloncarcinoma_colon,,bradycardia
malignant_tumor_of_coloncarcinoma_colon,,vomiting
malignant_tumor_of_coloncarcinoma_colon,,systolic_ejection_murmur
malignant_tumor_of_coloncarcinoma_colon,,nausea
malignant_tumor_of_coloncarcinoma_colon,,hyperemesis
malignant_tumor_of_coloncarcinoma_colon,,polydypsia
ketoacidosis_diabetic,93.0,polyuria
ketoacidosis_diabetic,,vomiting
ketoacidosis_diabetic,,nausea
ketoacidosis_diabetic,,pain_abdominal
ketoacidosis_diabetic,,milky
ketoacidosis_diabetic,,feeling_strange
ketoacidosis_diabetic,,gurgle
ketoacidosis_diabetic,,nervousness
ketoacidosis_diabetic,,abdominal_tenderness
ketoacidosis_diabetic,,regurgitates_after_swallowing
ketoacidosis_diabetic,,vision_blurred
ketoacidosis_diabetic,,urinary_hesitation
ketoacidosis_diabetic,,diarrhea
ketoacidosis_diabetic,,seizure
ketoacidosis_diabetic,,aura
tonicclonic_epilepsytonicclonic_seizures,92.0,drowsiness
tonicclonic_epilepsytonicclonic_seizures,,lip_smacking
tonicclonic_epilepsytonicclonic_seizures,,myoclonus
tonicclonic_epilepsytonicclonic_seizures,,tremor
tonicclonic_epilepsytonicclonic_seizures,,phonophobia
tonicclonic_epilepsytonicclonic_seizures,,rolling_of_eyes
tonicclonic_epilepsytonicclonic_seizures,,sleepy
tonicclonic_epilepsytonicclonic_seizures,,hirsutism
tonicclonic_epilepsytonicclonic_seizures,,moody
tonicclonic_epilepsytonicclonic_seizures,,muscle_twitch
tonicclonic_epilepsytonicclonic_seizures,,unresponsiveness
tonicclonic_epilepsytonicclonic_seizures,,headache
tonicclonic_epilepsytonicclonic_seizures,,ambidexterity
tonicclonic_epilepsytonicclonic_seizures,,absences_finding
tonicclonic_epilepsytonicclonic_seizures,,spasm
tonicclonic_epilepsytonicclonic_seizures,,decreased_body_weight
tonicclonic_epilepsytonicclonic_seizures,,tumor_cell_invasion
malignant_neoplasms,90.0,pulsus_paradoxus
malignant_neoplasms,,gravida_10
malignant_neoplasms,,mass_of_body_structure
malignant_neoplasms,,lesion
malignant_neoplasms,,heartburn
malignant_neoplasms,,night_sweat
malignant_neoplasms,,thicken
malignant_neoplasms,,chill
malignant_neoplasms,,decreased_translucency
malignant_neoplasms,,pain_abdominal
malignant_neoplasms,,dullness
malignant_neoplasms,,food_intolerance
malignant_neoplasms,,distress_respiratory
malignant_neoplasms,,hypotension
respiratory_failure,90.0,hemiplegia
respiratory_failure,,snore
respiratory_failure,,unresponsiveness
respiratory_failure,,productive_cough
respiratory_failure,,dyspnea
respiratory_failure,,tachypnea
respiratory_failure,,hyperkalemia
respiratory_failure,,hypokinesia
respiratory_failure,,sinus_rhythm
respiratory_failure,,general_unsteadiness
respiratory_failure,,bruit
respiratory_failure,,consciousness_clear
respiratory_failure,,shortness_of_breath
respiratory_failure,,lesion
respiratory_failure,,redness
melanoma,87.0,mass_of_body_structure
melanoma,,paraparesis
melanoma,,fever
melanoma,,gravida_0
melanoma,,pain
melanoma,,pruritus
melanoma,,mass_in_breast
melanoma,,vomiting
melanoma,,diarrhea
gastroenteritis,87.0,pain_abdominal
gastroenteritis,,breathholding_spell
gastroenteritis,,nausea
gastroenteritis,,decreased_body_weight
gastroenteritis,,sore_to_touch
gastroenteritis,,scleral_icterus
gastroenteritis,,fever
gastroenteritis,,myalgia
gastroenteritis,,hyponatremia
gastroenteritis,,retch
gastroenteritis,,mass_of_body_structure
malignant_neoplasm_of_lungcarcinoma_of_lung,86.0,lesion
malignant_neoplasm_of_lungcarcinoma_of_lung,,cough
malignant_neoplasm_of_lungcarcinoma_of_lung,,lung_nodule
malignant_neoplasm_of_lungcarcinoma_of_lung,,shortness_of_breath
malignant_neoplasm_of_lungcarcinoma_of_lung,,haemoptysis
malignant_neoplasm_of_lungcarcinoma_of_lung,,debilitation
malignant_neoplasm_of_lungcarcinoma_of_lung,,gurgle
malignant_neoplasm_of_lungcarcinoma_of_lung,,ache
malignant_neoplasm_of_lungcarcinoma_of_lung,,rale
malignant_neoplasm_of_lungcarcinoma_of_lung,,night_sweat
malignant_neoplasm_of_lungcarcinoma_of_lung,,decreased_translucency
malignant_neoplasm_of_lungcarcinoma_of_lung,,asthenia
malignant_neoplasm_of_lungcarcinoma_of_lung,,metastatic_lesion
malignant_neoplasm_of_lungcarcinoma_of_lung,,agitation
malignant_neoplasm_of_lungcarcinoma_of_lung,,irritable_mood
manic_disorder,85.0,energy_increased
manic_disorder,,suicidal
manic_disorder,,hypersomnia
manic_disorder,,feeling_suicidal
manic_disorder,,blanch
manic_disorder,,hallucinations_auditory
manic_disorder,,hallucinations_visual
manic_disorder,,elation
manic_disorder,,verbal_auditory_hallucinations
manic_disorder,,feeling_hopeless
manic_disorder,,difficulty
manic_disorder,,decompensation
manic_disorder,,verbally_abusive_behavior
personality_disorder,84.0,nightmare
personality_disorder,,feeling_hopeless
personality_disorder,,transsexual
personality_disorder,,hallucinations_auditory
personality_disorder,,irritable_mood
personality_disorder,,sleeplessness
personality_disorder,,agitation
personality_disorder,,weepiness
personality_disorder,,mood_depressed
personality_disorder,,scratch_marks
personality_disorder,,nausea_and_vomiting
personality_disorder,,extreme_exhaustion
personality_disorder,,side_pain
personality_disorder,,worry
personality_disorder,,enuresis
personality_disorder,,homelessness
personality_disorder,,nervousness
personality_disorder,,ascites
personality_disorder,,pruritus
primary_carcinoma_of_the_liver_cells,82.0,mass_of_body_structure
primary_carcinoma_of_the_liver_cells,,splenomegaly
primary_carcinoma_of_the_liver_cells,,lesion
primary_carcinoma_of_the_liver_cells,,paresis
primary_carcinoma_of_the_liver_cells,,tumor_cell_invasion
primary_carcinoma_of_the_liver_cells,,room_spinning
primary_carcinoma_of_the_liver_cells,,haemorrhage
primary_carcinoma_of_the_liver_cells,,thicken
primary_carcinoma_of_the_liver_cells,,indifferent_mood
primary_carcinoma_of_the_liver_cells,,cachexia
primary_carcinoma_of_the_liver_cells,,hypothermia_natural
primary_carcinoma_of_the_liver_cells,,pain_abdominal
primary_carcinoma_of_the_liver_cells,,hepatomegaly
primary_carcinoma_of_the_liver_cells,,hematocrit_decreased
primary_carcinoma_of_the_liver_cells,,stupor
primary_carcinoma_of_the_liver_cells,,decreased_body_weight
primary_carcinoma_of_the_liver_cells,,shortness_of_breath
primary_carcinoma_of_the_liver_cells,,cough
emphysema_pulmonary,80.0,behavior_showing_increased_motor_activity
emphysema_pulmonary,,scar_tissue
emphysema_pulmonary,,dyspnea_on_exertion
emphysema_pulmonary,,coordination_abnormal
emphysema_pulmonary,,myalgia
emphysema_pulmonary,,hypercapnia
emphysema_pulmonary,,clammy_skin
emphysema_pulmonary,,has_religious_belief
emphysema_pulmonary,,room_spinning
emphysema_pulmonary,,moan
emphysema_pulmonary,,night_sweat
emphysema_pulmonary,,cachexia
emphysema_pulmonary,,symptom_aggravating_factors
emphysema_pulmonary,,dyspnea
emphysema_pulmonary,,rale
emphysema_pulmonary,,flushing
emphysema_pulmonary,,painful_swallowing
emphysema_pulmonary,,arthralgia
emphysema_pulmonary,,choke
emphysema_pulmonary,,tenesmus
emphysema_pulmonary,,constipation
hemorrhoids,80.0,haemorrhage
hemorrhoids,,bowel_sounds_decreased
hemorrhoids,,decreased_stool_caliber
hemorrhoids,,nausea_and_vomiting
hemorrhoids,,hunger
hemorrhoids,,diarrhea
hemorrhoids,,dizziness
hemorrhoids,,hyponatremia
hemorrhoids,,clonus
hemorrhoids,,pain
hemorrhoids,,achalasia
hemorrhoids,,burning_sensation
hemorrhoids,,guaiac_positive
hemorrhoids,,numbness_of_hand
hemorrhoids,,wheezing
hemorrhoids,,cough
spasm_bronchial,76.0,shortness_of_breath
spasm_bronchial,,scar_tissue
spasm_bronchial,,apyrexial
spasm_bronchial,,no_known_drug_allergies
spasm_bronchial,,pain
spasm_bronchial,,productive_cough
spasm_bronchial,,throat_sore
spasm_bronchial,,dyspnea
spasm_bronchial,,chest_tightness
spasm_bronchial,,hypoxemia
spasm_bronchial,,tachypnea
spasm_bronchial,,sensory_discomfort
spasm_bronchial,,fever
spasm_bronchial,,vomiting
spasm_bronchial,,rhonchus
spasm_bronchial,,hemiplegia
spasm_bronchial,,fremitus
aphasia,76.0,clonus
aphasia,,egophony
aphasia,,facial_paresis
aphasia,,aphagia
aphasia,,muscle_twitch
aphasia,,paralyse
aphasia,,low_back_pain
aphasia,,charleyhorse
obesity_morbid,76.0,out_of_breath
obesity_morbid,,sedentary
obesity_morbid,,angina_pectoris
obesity_morbid,,cough
obesity_morbid,,unhappy
obesity_morbid,,labored_breathing
obesity_morbid,,hypothermia_natural
obesity_morbid,,dyspnea
obesity_morbid,,hematocrit_decreased
obesity_morbid,,wheezing
obesity_morbid,,hypoxemia
obesity_morbid,,renal_angle_tenderness
obesity_morbid,,feels_hotfeverish
pyelonephritis,74.0,fever
pyelonephritis,,pain
pyelonephritis,,urgency_of_micturition
pyelonephritis,,hematuria
pyelonephritis,,vomiting
pyelonephritis,,chill
pyelonephritis,,diarrhea
pyelonephritis,,nausea
pyelonephritis,,pain_abdominal
pyelonephritis,,myalgia
pyelonephritis,,fever
endocarditis,71.0,pleuritic_pain
endocarditis,,thicken
endocarditis,,myalgia
endocarditis,,apyrexial
endocarditis,,night_sweat
endocarditis,,flare
endocarditis,,shortness_of_breath
endocarditis,,orthopnea
endocarditis,,abscess_bacterial
endocarditis,,hypotension
endocarditis,,cough
endocarditis,,metastatic_lesion
endocarditis,,breath_sounds_decreased
endocarditis,,decreased_body_weight
endocarditis,,pulsus_paradoxus
endocarditis,,hypokinesia
effusion_pericardialpericardial_effusion_body_substance,71.0,pericardial_friction_rub
effusion_pericardialpericardial_effusion_body_substance,,dyspnea
effusion_pericardialpericardial_effusion_body_substance,,shortness_of_breath
effusion_pericardialpericardial_effusion_body_substance,,hemodynamically_stable
effusion_pericardialpericardial_effusion_body_substance,,cardiomegaly
effusion_pericardialpericardial_effusion_body_substance,,hypotension
effusion_pericardialpericardial_effusion_body_substance,,sputum_purulent
effusion_pericardialpericardial_effusion_body_substance,,facial_paresis
effusion_pericardialpericardial_effusion_body_substance,,pain
effusion_pericardialpericardial_effusion_body_substance,,oliguria
effusion_pericardialpericardial_effusion_body_substance,,blackout
effusion_pericardialpericardial_effusion_body_substance,,intoxication
chronic_alcoholic_intoxication,70.0,tremor
chronic_alcoholic_intoxication,,hallucinations_auditory
chronic_alcoholic_intoxication,,suicidal
chronic_alcoholic_intoxication,,hoard
chronic_alcoholic_intoxication,,irritable_mood
chronic_alcoholic_intoxication,,feeling_hopeless
chronic_alcoholic_intoxication,,feeling_suicidal
chronic_alcoholic_intoxication,,neologism
chronic_alcoholic_intoxication,,seizure
chronic_alcoholic_intoxication,,homelessness
chronic_alcoholic_intoxication,,sleeplessness
chronic_alcoholic_intoxication,,unconscious_state
chronic_alcoholic_intoxication,,panic
chronic_alcoholic_intoxication,,breath_sounds_decreased
chronic_alcoholic_intoxication,,shortness_of_breath
pneumothorax,68.0,dyspnea
pneumothorax,,cardiovascular_findingcardiovascular_event
pneumothorax,,haemoptysis
pneumothorax,,cough
pneumothorax,,hypercapnia
pneumothorax,,soft_tissue_swelling
pneumothorax,,prostatism
pneumothorax,,agitation
delirium,68.0,unsteady_gait
delirium,,withdraw
delirium,,hyponatremia
delirium,,verbally_abusive_behavior
delirium,,feeling_suicidal
delirium,,unresponsiveness
delirium,,worry
delirium,,drowsinesssleepy
delirium,,hallucinations_auditory
delirium,,suicidal
delirium,,fever
delirium,,diarrhea
neutropenia,68.0,transaminitis
neutropenia,,splenomegaly
neutropenia,,night_sweat
neutropenia,,apyrexial
neutropenia,,lesion
neutropenia,,snuffle
neutropenia,,chill
neutropenia,,cough
neutropenia,,monoclonal
neutropenia,,hypocalcemia_result
neutropenia,,oliguria
neutropenia,,rhd_positive
neutropenia,,distress_respiratory
hyperbilirubinemia,68.0,cyanosis
hyperbilirubinemia,,tachypnea
hyperbilirubinemia,,para_1
hyperbilirubinemia,,bradycardia
hyperbilirubinemia,,breech_presentation
hyperbilirubinemia,,cushingoid_faciescushingoid_habitus
hyperbilirubinemia,,cough
hyperbilirubinemia,,myalgia
influenza,68.0,uncoordination
influenza,,fever
influenza,,pleuritic_pain
influenza,,snuffle
influenza,,throat_sore
influenza,,malaise
influenza,,debilitation
influenza,,symptom_aggravating_factors
influenza,,chill
influenza,,scleral_icterus
influenza,,nasal_flaring
influenza,,dysuria
influenza,,lip_smacking
influenza,,headache
influenza,,sneeze
influenza,,snore
influenza,,green_sputum
influenza,,shortness_of_breath
influenza,,distress_respiratory
influenza,,blackout
influenza,,extreme_exhaustion
dependence,67.0,intoxication
dependence,,tremor
dependence,,agitation
dependence,,suicidal
dependence,,homelessness
dependence,,prostatism
dependence,,lethargy
dependence,,seizure
dependence,,muscle_twitch
dependence,,stuffy_nose
dependence,,feeling_hopeless
dependence,,heavy_legs
dependence,,rale
thrombus,67.0,hypokinesia
thrombus,,anorexia
thrombus,,hypertonicity
thrombus,,shortness_of_breath
thrombus,,hypoalbuminemia
thrombus,,pruritus
thrombus,,sore_to_touch
thrombus,,hemodynamically_stable
thrombus,,facial_paresis
thrombus,,vomiting
thrombus,,stool_color_yellow
cholecystitis,66.0,moan
cholecystitis,,nausea
cholecystitis,,pain_abdominal
cholecystitis,,murphys_sign
cholecystitis,,flatulence
cholecystitis,,colic_abdominal
cholecystitis,,pain
cholecystitis,,ascites
cholecystitis,,diarrhea
cholecystitis,,qt_interval_prolonged
cholecystitis,,cardiovascular_findingcardiovascular_event
cholecystitis,,groggy
cholecystitis,,sinus_rhythm
cholecystitis,,gasping_for_breath
cholecystitis,,constipation
cholecystitis,,feces_in_rectum
cholecystitis,,abnormally_hard_consistency
hernia_hiatal,61.0,pain_abdominal
hernia_hiatal,,fatigability
hernia_hiatal,,prodrome
hernia_hiatal,,vomiting
hernia_hiatal,,nausea
hernia_hiatal,,myalgia
hernia_hiatal,,hyponatremia
hernia_hiatal,,sore_to_touch
hernia_hiatal,,general_discomfort
hernia_hiatal,,dyspnea_on_exertion
hernia_hiatal,,asterixis
hernia_hiatal,,guaiac_positive
hernia_hiatal,,numbness_of_hand
hernia_hiatal,,headache
hernia_hiatal,,photophobia
migraine_disorders,61.0,ambidexterity
migraine_disorders,,vomiting
migraine_disorders,,dizziness
migraine_disorders,,numbness
migraine_disorders,,nausea
migraine_disorders,,fever
migraine_disorders,,splenomegaly
pancytopenia,61.0,hypoproteinemia
pancytopenia,,fatigue
pancytopenia,,haemorrhage
pancytopenia,,fatigability
pancytopenia,,cushingoid_faciescushingoid_habitus
pancytopenia,,stool_color_yellow
pancytopenia,,colic_abdominal
cholelithiasisbiliary_calculus,61.0,vomiting
cholelithiasisbiliary_calculus,,nausea
cholelithiasisbiliary_calculus,,pain_abdominal
cholelithiasisbiliary_calculus,,pain
cholelithiasisbiliary_calculus,,cushingoid_faciescushingoid_habitus
cholelithiasisbiliary_calculus,,ascites
cholelithiasisbiliary_calculus,,thicken
cholelithiasisbiliary_calculus,,sore_to_touch
cholelithiasisbiliary_calculus,,diarrhea
cholelithiasisbiliary_calculus,,apyrexial
cholelithiasisbiliary_calculus,,palpitation
tachycardia_sinus,56.0,left_atrial_hypertrophy
tachycardia_sinus,,sweatsweating_increased
tachycardia_sinus,,alcohol_binge_episode
tachycardia_sinus,,pressure_chest
tachycardia_sinus,,scar_tissue
tachycardia_sinus,,cardiovascular_findingcardiovascular_event
tachycardia_sinus,,orthostasis
tachycardia_sinus,,shortness_of_breath
tachycardia_sinus,,t_wave_inverted
tachycardia_sinus,,vomiting
tachycardia_sinus,,pain_abdominal
ileus,56.0,abscess_bacterial
ileus,,abdomen_acute
ileus,,air_fluid_level
ileus,,catching_breath
ileus,,abdominal_tenderness
ileus,,nausea
ileus,,sore_to_touch
ileus,,flatulence
ileus,,diarrhea
ileus,,mass_of_body_structure
ileus,,apyrexial
ileus,,constipation
ileus,,thicken
ileus,,gravida_0
ileus,,pain_abdominal
adhesion,57.0,flatulence
adhesion,,pain
adhesion,,largefordates_fetus
adhesion,,para_1
adhesion,,vomiting
adhesion,,lung_nodule
adhesion,,breech_presentation
adhesion,,shortness_of_breath
adhesion,,decreased_body_weight
adhesion,,immobile
adhesion,,unsteady_gait
adhesion,,hallucinations_visual
adhesion,,feeling_suicidal
delusion,56.0,loose_associations
delusion,,giddy_mood
delusion,,feeling_hopeless
delusion,,agitation
delusion,,hallucinations_auditory
delusion,,irritable_mood
delusion,,sleeplessness
delusion,,neologism
delusion,,homicidal_thoughts
delusion,,disturbed_family
delusion,,worry
delusion,,decompensation
delusion,,verbally_abusive_behavior
delusion,,catatonia
delusion,,suicidal
delusion,,terrify
delusion,,blackout
delusion,,weepiness
delusion,,impaired_cognition
affect_labile,45.0,extreme_exhaustion
affect_labile,,sleeplessness
affect_labile,,enuresis
affect_labile,,patient_non_compliance
affect_labile,,feeling_hopeless
affect_labile,,hallucinations_visual
affect_labile,,bedriddenbedridden
affect_labile,,prostatism
decubitus_ulcer,42.0,systolic_murmur
decubitus_ulcer,,frail
decubitus_ulcer,,fever
